{
    "claude-instant": {
        "completion": 0.0008,
        "prompt": 0.0024
    },
    "claude-2": {
        "completion": 0.008,
        "prompt": 0.024
    },
    "claude-3-haiku-20240307": {
        "completion": 0.00025,
        "prompt": 0.00125
    },
    "claude-3-sonnet-20240229": {
        "completion": 0.003,
        "prompt": 0.015
    },
    "claude-3-opus-20240229": {
        "completion": 0.015,
        "prompt": 0.075
    },
    "version": "2024-03-15"
}